Fecha;SaldoPesos;SaldoDolar;IngresoPesos;IngresoDolar;GastoPesos;GastoDolar
19/8/2019;1;0;6;1;0;0
20/8/2019;1;0;11;1;0;0
21/8/2019;1;0;17;2;0;0
22/8/2019;1;0;16;2;0;0
23/8/2019;1;0;28;2;0;0
24/8/2019;1;0;45;4;1;0
25/8/2019;1;0;70;6;1;0
26/8/2019;1;0;48;4;1;0
27/8/2019;1;0;43;5;2;0
28/8/2019;2;0;47;5;2;0
29/8/2019;1;0;58;5;2;0
30/8/2019;2;0;67;6;2;0
31/8/2019;2;0;77;10;4;0
1/9/2019;1;0;80;9;4;0
2/9/2019;2;0;66;8;3;0
3/9/2019;2;0;79;10;4;0
4/9/2019;2;0;82;10;3;0
5/9/2019;2;0;91;11;4;0
6/9/2019;2;0;77;11;4;1
7/9/2019;2;0;105;18;7;1
8/9/2019;3;0;155;15;9;0
9/9/2019;3;0;91;11;7;1
10/9/2019;3;0;83;9;5;1
11/9/2019;2;0;109;14;6;1
12/9/2019;3;0;121;16;5;1
13/9/2019;3;0;115;13;7;1
14/9/2019;3;0;173;21;10;1
15/9/2019;4;0;185;21;9;1
16/9/2019;3;0;124;16;8;1
17/9/2019;3;0;115;18;7;1
18/9/2019;3;0;128;14;7;1
19/9/2019;5;0;149;18;8;1
20/9/2019;4;0;151;17;7;1
21/9/2019;4;0;228;27;13;1
22/9/2019;5;0;208;30;12;2
23/9/2019;4;0;155;19;8;2
24/9/2019;4;0;127;20;8;1
25/9/2019;3;0;170;20;10;2
26/9/2019;4;1;196;23;9;2
27/9/2019;5;1;149;22;9;2
28/9/2019;5;1;254;34;15;1
29/9/2019;5;1;285;30;16;2
30/9/2019;5;1;212;22;9;2
1/10/2019;5;1;184;26;10;2
2/10/2019;4;1;183;24;14;2
3/10/2019;5;1;161;26;11;2
4/10/2019;5;1;208;30;12;2
5/10/2019;6;1;380;43;18;2
6/10/2019;6;1;331;40;18;2
7/10/2019;5;1;218;26;14;2
8/10/2019;6;1;230;20;14;2
9/10/2019;6;1;227;28;13;2
10/10/2019;6;1;213;28;12;3
11/10/2019;7;1;256;30;16;2
12/10/2019;7;1;369;43;21;3
13/10/2019;7;1;368;43;25;3
14/10/2019;6;1;226;25;11;2
15/10/2019;6;1;288;28;15;2
16/10/2019;7;1;276;33;18;3
17/10/2019;8;1;249;38;15;3
18/10/2019;7;1;295;33;15;3
19/10/2019;7;1;389;51;24;3
20/10/2019;6;1;385;55;22;3
21/10/2019;6;1;261;32;16;3
22/10/2019;8;1;237;36;16;3
23/10/2019;9;1;306;33;16;3
24/10/2019;8;1;242;39;19;3
25/10/2019;9;1;265;37;18;4
26/10/2019;8;1;365;57;27;3
27/10/2019;7;2;464;52;30;3
28/10/2019;8;1;312;41;18;3
29/10/2019;9;1;311;47;17;3
30/10/2019;8;1;293;35;18;4
31/10/2019;10;2;293;38;19;4
1/11/2019;6;2;352;41;17;3
2/11/2019;9;1;485;66;28;4
3/11/2019;9;2;537;58;28;4
4/11/2019;8;1;321;30;25;3
5/11/2019;9;2;365;48;15;4
6/11/2019;7;2;411;46;20;3
7/11/2019;9;1;390;36;25;4
8/11/2019;10;2;359;41;22;4
9/11/2019;11;2;584;78;34;4
10/11/2019;9;2;564;78;33;4
11/11/2019;9;2;390;50;21;4
12/11/2019;9;2;383;45;17;5
13/11/2019;11;2;395;47;23;5
14/11/2019;10;2;416;47;21;4
15/11/2019;9;2;372;53;21;4
16/11/2019;11;2;564;66;33;5
17/11/2019;10;2;549;67;42;4
18/11/2019;11;2;362;55;30;4
19/11/2019;10;2;384;50;25;5
20/11/2019;10;2;450;58;23;5
21/11/2019;10;2;409;48;22;5
22/11/2019;9;2;478;51;26;4
23/11/2019;11;2;694;70;45;5
24/11/2019;11;2;562;79;37;4
25/11/2019;11;2;504;45;20;5
26/11/2019;11;2;518;51;28;4
27/11/2019;10;3;438;47;29;4
28/11/2019;11;2;513;59;22;4
29/11/2019;11;3;456;59;27;6
30/11/2019;11;3;765;69;43;5
1/12/2019;11;2;671;96;40;5
2/12/2019;12;2;425;71;26;5
3/12/2019;14;2;504;58;31;5
4/12/2019;12;3;525;54;27;5
5/12/2019;12;3;517;75;24;5
6/12/2019;12;3;480;51;23;5
7/12/2019;10;2;794;90;49;6
8/12/2019;12;2;860;91;46;5
9/12/2019;13;2;562;69;30;7
10/12/2019;16;2;583;64;29;6
11/12/2019;12;3;540;59;29;6
12/12/2019;13;3;655;56;27;6
13/12/2019;13;2;524;61;29;7
14/12/2019;11;3;945;85;36;6
15/12/2019;15;3;1020;96;43;6
16/12/2019;14;3;644;61;31;6
17/12/2019;14;3;610;55;34;6
18/12/2019;12;3;597;74;32;6
19/12/2019;16;3;703;63;35;6
20/12/2019;12;3;553;58;37;6
21/12/2019;15;3;883;99;54;7
22/12/2019;17;3;950;102;52;7
23/12/2019;13;2;750;56;34;6
24/12/2019;13;3;700;71;30;5
25/12/2019;14;3;615;62;37;6
26/12/2019;14;3;668;82;40;7
27/12/2019;12;3;654;74;36;8
28/12/2019;15;3;983;102;63;6
29/12/2019;13;3;1174;99;45;6
30/12/2019;15;3;621;71;31;6
31/12/2019;13;3;846;77;39;8
1/1/2020;17;3;798;73;37;7
2/1/2020;14;3;825;72;41;6
3/1/2020;15;4;717;75;36;7
4/1/2020;17;3;1124;105;49;7
5/1/2020;13;3;988;109;54;6
6/1/2020;16;4;736;60;31;6
7/1/2020;18;3;823;84;33;8
8/1/2020;13;3;896;79;42;7
9/1/2020;16;3;713;72;41;7
10/1/2020;16;3;780;93;40;7
11/1/2020;17;3;1208;118;48;8
12/1/2020;14;3;1066;106;55;8
13/1/2020;14;3;883;87;34;8
14/1/2020;17;3;782;83;44;8
15/1/2020;17;3;833;84;37;8
16/1/2020;17;4;820;78;36;8
17/1/2020;17;4;799;86;40;7
18/1/2020;16;3;1313;120;57;7
19/1/2020;17;4;1298;132;70;6
20/1/2020;18;4;859;67;38;9
21/1/2020;16;3;835;80;35;9
22/1/2020;21;3;939;99;33;7
23/1/2020;18;3;1070;79;42;8
24/1/2020;15;3;940;80;40;7
25/1/2020;19;4;1544;123;54;9
26/1/2020;16;4;1218;114;72;7
27/1/2020;19;4;968;68;46;8
28/1/2020;20;3;856;86;43;8
29/1/2020;16;4;827;90;49;9
30/1/2020;20;3;906;88;47;8
31/1/2020;19;4;1105;88;40;7
1/2/2020;20;4;1636;135;60;8
2/2/2020;22;5;1542;150;72;8
3/2/2020;18;3;857;89;47;9
4/2/2020;17;3;1001;86;46;10
5/2/2020;17;4;1061;89;41;7
6/2/2020;17;5;1057;98;48;8
7/2/2020;19;5;854;106;42;8
8/2/2020;20;4;1443;132;69;8
9/2/2020;20;4;1587;142;79;10
10/2/2020;21;5;1131;98;44;9
11/2/2020;19;4;843;86;39;9
12/2/2020;22;5;1073;96;42;8
13/2/2020;19;5;1114;82;52;9
14/2/2020;25;5;1202;80;49;10
15/2/2020;21;6;1790;151;70;8
16/2/2020;18;5;1785;141;69;10
17/2/2020;18;4;1042;101;51;9
18/2/2020;21;4;924;99;45;10
19/2/2020;20;4;1105;90;51;9
20/2/2020;22;4;1274;100;46;10
21/2/2020;21;4;1330;88;45;9
22/2/2020;20;4;1888;172;70;9
23/2/2020;19;5;1851;132;72;10
24/2/2020;18;4;1238;100;50;10
25/2/2020;20;5;1134;92;52;8
26/2/2020;23;5;1193;109;32;11
27/2/2020;22;5;1420;100;47;8
28/2/2020;19;5;1109;99;50;9
29/2/2020;22;5;2149;171;90;10
1/3/2020;22;5;1803;159;69;10
2/3/2020;20;4;1416;112;53;12
3/3/2020;22;4;1081;96;61;8
4/3/2020;22;5;1340;92;46;10
5/3/2020;19;4;1180;109;55;8
6/3/2020;23;4;1100;105;49;10
7/3/2020;23;5;1977;174;76;11
8/3/2020;25;5;2145;162;75;12
9/3/2020;25;5;1196;112;50;11
10/3/2020;19;5;1116;92;69;12
11/3/2020;20;5;1310;132;59;11
12/3/2020;24;5;1318;110;61;10
13/3/2020;24;5;1411;120;58;9
14/3/2020;24;5;2210;154;70;11
15/3/2020;32;5;2017;175;87;9
16/3/2020;24;5;1613;99;62;12
17/3/2020;26;4;1398;119;52;11
18/3/2020;26;5;1327;111;62;12
19/3/2020;25;6;1160;116;61;10
20/3/2020;23;6;1353;124;68;11
21/3/2020;25;6;2025;153;82;11
22/3/2020;22;6;2308;163;76;11
23/3/2020;23;5;1476;123;56;11
24/3/2020;23;5;1250;143;67;12
25/3/2020;24;5;1450;117;48;10
26/3/2020;30;5;1528;126;47;10
27/3/2020;20;6;1659;118;60;13
28/3/2020;26;6;2362;216;85;12
29/3/2020;20;5;2344;148;90;12
30/3/2020;23;5;1468;122;66;14
31/3/2020;27;6;1522;102;57;11
1/4/2020;25;6;1657;92;49;13
2/4/2020;22;5;1281;126;73;12
3/4/2020;23;4;1433;125;55;11
4/4/2020;27;5;2064;180;82;14
5/4/2020;23;5;2331;184;102;13
6/4/2020;26;5;1689;164;59;12
7/4/2020;26;6;1419;122;62;13
8/4/2020;24;5;1153;133;65;12
9/4/2020;31;7;1459;118;69;13
10/4/2020;27;6;1667;131;61;9
11/4/2020;20;6;2424;187;109;11
12/4/2020;26;6;2408;184;75;14
13/4/2020;24;5;1502;152;69;12
14/4/2020;28;7;1351;145;59;13
15/4/2020;24;6;1636;132;73;11
16/4/2020;26;6;1431;100;65;15
17/4/2020;28;5;1908;126;60;14
18/4/2020;29;5;2491;250;103;12
19/4/2020;23;7;2227;193;106;12
20/4/2020;26;6;1484;147;70;14
21/4/2020;26;6;1572;152;59;15
22/4/2020;25;6;1553;137;63;14
23/4/2020;32;7;1774;123;66;16
24/4/2020;28;5;1630;102;66;12
25/4/2020;24;7;2231;216;108;12
26/4/2020;30;6;2872;187;81;11
27/4/2020;34;7;1622;139;70;14
28/4/2020;31;6;1742;120;66;13
29/4/2020;23;7;1523;134;62;13
30/4/2020;26;6;1686;138;63;14
1/5/2020;32;6;1681;142;67;15
2/5/2020;26;6;1989;184;66;11
3/5/2020;29;6;2954;234;96;13
4/5/2020;31;7;1854;132;63;15
5/5/2020;26;6;1580;117;73;13
6/5/2020;28;6;1468;140;64;12
7/5/2020;19;6;1711;142;69;15
8/5/2020;26;5;1671;145;81;12
9/5/2020;28;6;2578;243;117;13
10/5/2020;25;8;2542;210;115;14
11/5/2020;34;7;1750;142;68;13
12/5/2020;25;7;1911;128;75;15
13/5/2020;28;7;1767;157;70;13
14/5/2020;30;7;1499;148;71;16
15/5/2020;34;7;1906;140;75;14
16/5/2020;25;6;2934;178;102;15
17/5/2020;33;8;3320;252;126;15
18/5/2020;30;7;1496;129;72;13
19/5/2020;27;7;1729;139;78;11
20/5/2020;31;7;1338;154;84;15
21/5/2020;31;7;1787;131;82;14
22/5/2020;28;7;1602;127;64;15
23/5/2020;31;7;3036;177;117;14
24/5/2020;29;7;2351;243;121;14
25/5/2020;31;7;1413;143;82;18
26/5/2020;33;7;1622;197;67;12
27/5/2020;36;8;1367;137;71;16
28/5/2020;27;6;1834;139;83;14
29/5/2020;38;6;1355;145;70;14
30/5/2020;25;7;2571;237;111;14
31/5/2020;31;7;2032;220;133;14
1/6/2020;33;7;1656;165;77;16
2/6/2020;32;7;1994;140;72;17
3/6/2020;30;7;1775;135;71;16
4/6/2020;31;8;1566;128;80;15
5/6/2020;30;6;1711;122;68;14
6/6/2020;30;7;2581;225;114;16
7/6/2020;35;7;2698;231;121;19
8/6/2020;33;6;1484;149;89;15
9/6/2020;30;7;1821;179;84;15
10/6/2020;35;9;1254;180;74;15
11/6/2020;33;8;1612;155;89;15
12/6/2020;35;8;8185;132;385;55
13/6/2020;35;7;2746;228;105;16
14/6/2020;30;7;2590;228;118;14
15/6/2020;31;7;1480;152;92;13
16/6/2020;35;7;1553;152;82;17
17/6/2020;35;9;1757;153;81;14
18/6/2020;33;8;1710;158;95;15
19/6/2020;34;7;1623;154;70;18
20/6/2020;38;8;2461;253;106;14
21/6/2020;31;8;2765;258;103;14
22/6/2020;35;9;1634;151;86;17
23/6/2020;33;9;1708;188;84;18
24/6/2020;33;7;2097;151;96;14
25/6/2020;38;7;1477;141;85;17
26/6/2020;37;7;1403;175;80;17
27/6/2020;37;8;2785;232;126;13
28/6/2020;39;8;2407;262;127;18
29/6/2020;34;9;1666;129;70;18
30/6/2020;37;8;1586;195;108;16
1/7/2020;33;8;1675;183;89;19
2/7/2020;36;8;1995;146;87;19
3/7/2020;34;7;1857;147;91;17
4/7/2020;35;10;2800;303;138;16
5/7/2020;37;7;2212;241;127;15
6/7/2020;32;8;1520;159;81;17
7/7/2020;43;10;1229;135;92;18
8/7/2020;32;8;1576;169;90;16
9/7/2020;31;8;1879;172;80;13
10/7/2020;40;8;1802;189;100;19
11/7/2020;38;8;2513;228;135;17
12/7/2020;38;10;12819;225;705;85
13/7/2020;38;6;1593;186;101;19
14/7/2020;36;10;1746;196;89;20
15/7/2020;33;7;1841;151;92;12
16/7/2020;36;8;1433;199;96;18
17/7/2020;34;8;1760;181;83;15
18/7/2020;40;9;2800;300;135;18
19/7/2020;36;7;2453;270;136;18
20/7/2020;34;9;1826;136;81;19
21/7/2020;35;10;2184;179;111;17
22/7/2020;38;7;1686;202;78;14
23/7/2020;35;9;1769;167;79;17
24/7/2020;34;8;1577;177;103;19
25/7/2020;38;9;2598;271;147;20
26/7/2020;38;9;2669;196;123;16
27/7/2020;35;8;1733;216;98;20
28/7/2020;36;9;1525;169;106;17
29/7/2020;38;10;1733;196;92;19
30/7/2020;32;9;1945;185;117;17
31/7/2020;32;10;1772;211;77;19
1/8/2020;35;8;2788;294;150;20
2/8/2020;37;8;2481;276;157;16
3/8/2020;39;9;1821;172;102;17
4/8/2020;44;10;1740;205;92;19
5/8/2020;42;9;1531;154;92;23
6/8/2020;38;9;1745;203;99;17
7/8/2020;38;9;1523;170;103;22
8/8/2020;35;8;2376;324;151;22
9/8/2020;39;10;2583;292;157;19
10/8/2020;38;10;1740;205;86;18
11/8/2020;40;9;1488;195;94;17
12/8/2020;36;9;1867;160;87;19
13/8/2020;41;9;1785;178;93;16
14/8/2020;45;9;1569;208;107;19
15/8/2020;39;9;2143;298;147;22
16/8/2020;41;11;2495;328;184;18
17/8/2020;42;9;1612;205;100;19
18/8/2020;38;9;1707;178;99;16
19/8/2020;41;9;1626;182;99;20
20/8/2020;40;10;1348;200;92;20
21/8/2020;40;9;1622;153;98;19
22/8/2020;37;9;2455;349;165;19
23/8/2020;40;11;2692;313;150;19
24/8/2020;42;11;1570;225;92;21
25/8/2020;46;9;1972;169;91;20
26/8/2020;44;8;1366;227;96;20
27/8/2020;50;11;1911;247;101;20
28/8/2020;38;9;1653;176;113;22
29/8/2020;44;10;2755;328;130;21
30/8/2020;42;8;2558;306;147;20
31/8/2020;50;11;1886;173;103;23
1/9/2020;38;8;1628;215;83;21
2/9/2020;38;10;1508;222;93;23
3/9/2020;39;10;1937;193;95;21
4/9/2020;33;9;1677;230;94;16
5/9/2020;39;9;2604;258;157;23
6/9/2020;39;11;2864;264;151;20
7/9/2020;42;10;1526;211;98;20
8/9/2020;43;11;1804;209;108;21
9/9/2020;50;12;1604;194;122;20
10/9/2020;46;8;1683;227;121;21
11/9/2020;40;12;1721;221;84;19
12/9/2020;39;10;2180;343;166;23
13/9/2020;45;9;2368;313;154;20
14/9/2020;37;9;1946;225;107;20
15/9/2020;51;10;1869;203;101;19
16/9/2020;48;11;1708;257;107;21
17/9/2020;41;10;1764;196;108;21
18/9/2020;36;12;1673;259;100;22
19/9/2020;49;9;2942;322;145;19
20/9/2020;43;10;2544;277;153;18
21/9/2020;49;9;1774;245;110;22
22/9/2020;36;11;1935;219;114;24
23/9/2020;41;11;1604;235;117;19
24/9/2020;44;10;2015;244;103;25
25/9/2020;44;8;1479;225;111;22
26/9/2020;42;11;3054;307;178;21
27/9/2020;47;11;2533;360;181;20
28/9/2020;39;11;1715;219;108;18
29/9/2020;44;12;1428;235;107;24
30/9/2020;45;9;8432;173;560;100
1/10/2020;47;11;1586;231;97;20
2/10/2020;48;12;1667;207;108;24
3/10/2020;40;9;2633;388;178;17
4/10/2020;38;11;2932;354;177;18
5/10/2020;51;10;1826;228;108;22
6/10/2020;46;11;1849;234;114;22
7/10/2020;42;11;1602;202;102;23
8/10/2020;52;10;1645;261;120;21
9/10/2020;46;10;2134;270;111;28
10/10/2020;51;11;2523;352;163;22
11/10/2020;46;10;3183;393;162;22
12/10/2020;55;10;1781;214;112;20
13/10/2020;54;12;1833;209;108;22
14/10/2020;45;10;2035;229;121;24
15/10/2020;50;12;2079;238;109;25
16/10/2020;49;11;1830;220;132;19
17/10/2020;52;9;2677;363;196;22
18/10/2020;42;10;2780;355;156;24
19/10/2020;50;12;1933;208;115;24
20/10/2020;51;10;2045;243;107;23
21/10/2020;38;11;1885;252;111;24
22/10/2020;41;12;2009;236;139;21
23/10/2020;37;12;2210;260;112;26
24/10/2020;46;11;2968;307;180;25
25/10/2020;50;10;2961;367;184;20
26/10/2020;54;13;1629;207;105;20
27/10/2020;48;13;1422;209;107;21
28/10/2020;55;12;2012;221;103;25
29/10/2020;41;11;1927;214;107;20
30/10/2020;39;10;1854;224;84;22
31/10/2020;47;10;3016;348;186;24
1/11/2020;50;12;2939;387;214;23
2/11/2020;48;12;2203;230;120;24
3/11/2020;38;13;2006;201;102;21
4/11/2020;48;12;1848;267;111;25
5/11/2020;42;10;2206;220;114;22
6/11/2020;52;13;1972;239;107;23
7/11/2020;50;10;3199;378;195;24
8/11/2020;44;11;2908;369;195;24
9/11/2020;46;12;1912;268;106;24
10/11/2020;43;14;2072;254;129;22
11/11/2020;48;15;2067;222;139;23
12/11/2020;54;12;2174;297;144;24
13/11/2020;44;11;2029;249;156;21
14/11/2020;52;12;2565;361;166;23
15/11/2020;47;13;3023;403;235;25
16/11/2020;45;11;2285;252;118;21
17/11/2020;49;14;2064;256;115;27
18/11/2020;44;12;2085;308;127;27
19/11/2020;47;12;2361;240;116;21
20/11/2020;44;13;2006;240;128;28
21/11/2020;60;12;2754;376;160;24
22/11/2020;50;13;3221;414;181;25
23/11/2020;47;11;2088;212;140;23
24/11/2020;51;11;1992;201;124;27
25/11/2020;50;11;2179;236;126;26
26/11/2020;49;13;2339;210;131;23
27/11/2020;54;13;2239;241;140;22
28/11/2020;54;13;3484;397;157;21
29/11/2020;48;14;4015;345;199;25
30/11/2020;48;12;2200;217;123;26
1/12/2020;50;13;2354;256;128;27
2/12/2020;39;11;2186;276;140;25
3/12/2020;43;12;2120;212;112;22
4/12/2020;58;13;2193;276;114;23
5/12/2020;60;13;3344;415;154;28
6/12/2020;50;12;3658;421;181;24
7/12/2020;55;12;2923;288;145;26
8/12/2020;53;10;2210;314;127;22
9/12/2020;68;12;2293;249;111;26
10/12/2020;58;14;2391;261;122;24
11/12/2020;51;13;2516;248;110;28
12/12/2020;47;13;3747;390;172;27
13/12/2020;44;13;4142;450;202;24
14/12/2020;53;13;1863;226;114;25
15/12/2020;48;12;1884;239;145;24
16/12/2020;45;13;2365;298;129;22
17/12/2020;49;13;2777;289;132;23
18/12/2020;47;13;2122;253;127;26
19/12/2020;62;12;2653;429;211;27
20/12/2020;58;10;4034;409;213;26
21/12/2020;53;14;2621;304;136;25
22/12/2020;61;12;2292;267;139;28
23/12/2020;54;12;2332;293;129;26
24/12/2020;49;14;2349;337;140;28
25/12/2020;62;12;2645;283;128;21
26/12/2020;57;14;3698;403;199;16
27/12/2020;48;14;4164;430;195;27
28/12/2020;53;14;1900;258;127;22
29/12/2020;49;11;2445;333;125;26
30/12/2020;47;15;2385;274;140;26
31/12/2020;59;13;2634;263;152;31
1/1/2021;65;13;2563;248;150;28
2/1/2021;47;13;4411;451;177;27
3/1/2021;58;11;3343;442;229;29
4/1/2021;51;14;2766;259;131;28
5/1/2021;52;12;2922;288;144;25
6/1/2021;52;11;3299;232;124;30
7/1/2021;50;11;2662;279;138;24
8/1/2021;55;15;2904;287;141;28
9/1/2021;51;12;3476;483;174;23
10/1/2021;57;15;3244;381;217;28
11/1/2021;55;13;3098;241;156;28
12/1/2021;54;11;2871;252;135;32
13/1/2021;50;12;3228;240;157;23
14/1/2021;52;15;2503;315;135;26
15/1/2021;60;13;3068;321;150;30
16/1/2021;59;13;5220;430;162;28
17/1/2021;50;14;4607;469;259;28
18/1/2021;57;14;3044;283;160;25
19/1/2021;60;15;2979;277;135;26
20/1/2021;47;16;2522;271;112;31
21/1/2021;60;13;3414;272;144;27
22/1/2021;53;12;2837;238;120;29
23/1/2021;60;13;4784;435;220;27
24/1/2021;52;14;3861;423;220;24
25/1/2021;46;12;2705;305;128;30
26/1/2021;48;12;3523;287;157;29
27/1/2021;57;14;2988;280;153;34
28/1/2021;59;14;3562;260;156;25
29/1/2021;52;14;3101;288;142;30
30/1/2021;61;13;3841;460;183;24
31/1/2021;48;13;5153;381;235;29
1/2/2021;57;13;2981;290;139;31
2/2/2021;51;15;3405;294;123;22
3/2/2021;54;15;3205;268;163;28
4/2/2021;58;11;2716;272;174;27
5/2/2021;53;13;3278;296;143;26
6/2/2021;56;12;5928;385;264;30
7/2/2021;64;13;5122;451;219;32
8/2/2021;55;14;3249;265;139;28
9/2/2021;63;12;3635;323;136;29
10/2/2021;52;13;3365;360;169;29
11/2/2021;62;13;3379;267;134;29
12/2/2021;67;14;2961;309;157;26
13/2/2021;44;14;5124;408;207;32
14/2/2021;54;13;5546;487;210;30
15/2/2021;63;14;3083;257;162;30
16/2/2021;58;13;19293;309;705;135
17/2/2021;62;14;3359;270;141;28
18/2/2021;56;17;3101;290;164;29
19/2/2021;60;16;3758;266;172;25
20/2/2021;59;12;4997;483;237;24
21/2/2021;67;16;5557;409;208;27
22/2/2021;61;16;3354;315;141;31
23/2/2021;62;13;3447;289;150;27
24/2/2021;58;16;3652;296;154;26
25/2/2021;57;17;3595;305;135;27
26/2/2021;58;13;2805;278;161;28
27/2/2021;63;13;4684;462;226;29
28/2/2021;58;16;5785;522;186;36
1/3/2021;62;15;3494;279;136;33
2/3/2021;73;15;3367;338;143;33
3/3/2021;66;15;3080;349;150;33
4/3/2021;59;15;3190;279;180;27
5/3/2021;68;13;2862;260;155;26
6/3/2021;59;16;5343;471;208;27
7/3/2021;49;17;5090;433;234;34
8/3/2021;55;14;3270;363;147;28
9/3/2021;50;15;3606;308;158;26
10/3/2021;59;12;3774;282;162;29
11/3/2021;62;16;4417;272;172;30
12/3/2021;72;16;3109;342;153;31
13/3/2021;64;15;6147;436;268;31
14/3/2021;61;17;6060;466;252;28
15/3/2021;67;14;3405;339;143;33
16/3/2021;48;16;3777;295;189;29
17/3/2021;64;13;3542;309;160;30
18/3/2021;67;15;3789;311;142;33
19/3/2021;53;15;4292;333;181;29
20/3/2021;70;15;5948;496;282;29
21/3/2021;65;15;5907;459;232;33
22/3/2021;60;15;3594;316;148;28
23/3/2021;67;16;3206;302;154;30
24/3/2021;78;15;3694;268;168;33
25/3/2021;64;13;4237;323;177;37
26/3/2021;65;18;3210;376;166;33
27/3/2021;60;17;5094;432;238;33
28/3/2021;58;13;5779;438;273;33
29/3/2021;69;16;3436;290;153;28
30/3/2021;58;15;3516;341;175;32
31/3/2021;64;16;3664;333;154;31
1/4/2021;61;16;3309;314;166;32
2/4/2021;67;15;3465;290;157;32
3/4/2021;66;14;6173;484;238;33
4/4/2021;71;14;5021;405;231;31
5/4/2021;61;14;3241;326;182;32
6/4/2021;63;14;3620;350;148;28
7/4/2021;58;15;4153;282;149;31
8/4/2021;62;14;3798;273;195;36
9/4/2021;67;17;3700;374;177;33
10/4/2021;70;18;5853;456;184;32
11/4/2021;59;15;4816;541;228;38
12/4/2021;71;16;4087;320;132;28
13/4/2021;74;17;4049;320;147;28
14/4/2021;68;17;3743;340;111;38
15/4/2021;78;16;4300;298;160;32
16/4/2021;60;17;3470;331;144;31
17/4/2021;57;17;6534;472;246;28
18/4/2021;54;14;5968;427;205;34
19/4/2021;76;17;3789;340;165;34
20/4/2021;70;17;3917;321;157;29
21/4/2021;66;15;3885;325;189;32
22/4/2021;68;16;4410;290;188;31
23/4/2021;59;17;3509;384;178;33
24/4/2021;83;16;5453;540;240;29
25/4/2021;67;18;6519;546;297;37
26/4/2021;67;20;3704;322;140;36
27/4/2021;72;15;4295;275;143;32
28/4/2021;70;14;4612;399;165;32
29/4/2021;68;17;3785;332;204;32
30/4/2021;62;17;4214;309;163;30
1/5/2021;70;16;5235;523;246;32
2/5/2021;80;19;6367;562;214;32
3/5/2021;77;14;4026;335;183;39
4/5/2021;78;17;4134;380;184;36
5/5/2021;64;15;3693;374;181;36
6/5/2021;61;19;3292;301;158;35
7/5/2021;67;20;4147;316;157;30
8/5/2021;68;15;4699;556;220;33
9/5/2021;76;16;5732;370;256;37
10/5/2021;57;18;4318;335;151;29
11/5/2021;79;16;4021;292;150;36
12/5/2021;67;16;4712;325;163;42
13/5/2021;66;17;4347;331;162;37
14/5/2021;62;13;3684;330;161;39
15/5/2021;57;17;5924;486;268;34
16/5/2021;74;15;5878;457;258;37
17/5/2021;69;16;3312;423;166;31
18/5/2021;60;19;3563;409;175;37
19/5/2021;60;15;3710;305;155;36
20/5/2021;67;18;3128;400;174;35
21/5/2021;81;16;3944;332;175;39
22/5/2021;68;16;5737;526;220;32
23/5/2021;59;18;4896;517;285;34
24/5/2021;68;17;4075;325;158;35
25/5/2021;68;18;4194;382;175;31
26/5/2021;51;19;3999;353;194;35
27/5/2021;70;16;3779;332;190;28
28/5/2021;68;16;4133;304;175;38
29/5/2021;75;15;6246;478;252;35
30/5/2021;83;16;6022;439;286;33
31/5/2021;78;22;3569;352;187;32
1/6/2021;69;19;3993;310;164;34
2/6/2021;63;15;4345;343;162;37
3/6/2021;89;15;3646;401;139;37
4/6/2021;71;18;4684;396;179;32
5/6/2021;71;18;5496;529;262;32
6/6/2021;71;18;5812;526;295;37
7/6/2021;73;17;3597;422;183;32
8/6/2021;70;17;3938;374;201;35
9/6/2021;67;18;3175;344;165;36
10/6/2021;68;17;3631;306;198;36
11/6/2021;71;13;3416;371;169;38
12/6/2021;68;17;5821;580;288;31
13/6/2021;67;16;6305;504;228;28
14/6/2021;73;18;4064;369;183;33
15/6/2021;70;23;2907;346;143;42
16/6/2021;83;18;4582;353;175;43
17/6/2021;53;17;19554;271;940;210
18/6/2021;80;19;3498;353;171;35
19/6/2021;82;18;5769;595;241;29
20/6/2021;57;18;5769;508;294;27
21/6/2021;70;19;3521;365;179;34
22/6/2021;70;21;3841;336;172;35
23/6/2021;63;16;3531;377;182;41
24/6/2021;67;19;3601;356;230;39
25/6/2021;65;16;3488;330;203;37
26/6/2021;86;19;4804;621;304;33
27/6/2021;80;16;5679;600;285;33
28/6/2021;83;17;3943;344;186;37
29/6/2021;79;17;3909;385;139;39
30/6/2021;65;20;4015;387;171;38
1/7/2021;70;20;3823;392;175;32
2/7/2021;77;16;3499;306;149;39
3/7/2021;65;18;5997;609;244;38
4/7/2021;79;17;4772;523;222;32
5/7/2021;72;16;3342;357;184;34
6/7/2021;71;18;3312;469;200;39
7/7/2021;80;17;4054;382;206;36
8/7/2021;78;23;3995;357;193;43
9/7/2021;72;19;3821;290;168;39
10/7/2021;83;16;6039;637;225;35
11/7/2021;67;17;4964;484;229;37
12/7/2021;80;20;3747;336;163;37
13/7/2021;79;22;3568;362;170;34
14/7/2021;73;15;3911;428;184;34
15/7/2021;78;15;3557;405;168;40
16/7/2021;66;22;3453;370;194;40
17/7/2021;82;19;5667;582;274;39
18/7/2021;74;17;5835;531;282;43
19/7/2021;72;19;3331;383;210;35
20/7/2021;84;13;3540;381;166;44
21/7/2021;70;18;3178;416;197;34
22/7/2021;65;19;2661;416;189;34
23/7/2021;64;20;3610;399;183;31
24/7/2021;81;17;5621;550;309;36
25/7/2021;66;19;5427;613;310;36
26/7/2021;90;17;2832;378;172;40
27/7/2021;60;19;3387;341;187;39
28/7/2021;90;17;2726;367;196;33
29/7/2021;78;18;3976;386;186;36
30/7/2021;76;17;3110;419;202;36
31/7/2021;73;20;5881;565;295;31
1/8/2021;80;20;5708;507;340;34
2/8/2021;77;18;3157;387;163;35
3/8/2021;86;19;3071;390;190;44
4/8/2021;78;16;3578;393;175;39
5/8/2021;79;18;3159;422;205;41
6/8/2021;75;19;3479;427;162;32
7/8/2021;77;24;4907;547;300;43
8/8/2021;80;17;4230;546;271;43
9/8/2021;64;22;2661;348;180;31
10/8/2021;67;21;3497;417;166;36
11/8/2021;84;20;3222;447;185;40
12/8/2021;80;22;3219;378;216;41
13/8/2021;77;20;3640;382;195;36
14/8/2021;79;20;5694;673;312;37
15/8/2021;81;19;4949;618;342;36
16/8/2021;74;22;3271;410;201;39
17/8/2021;73;21;3551;346;185;44
18/8/2021;80;18;2918;421;206;36
19/8/2021;71;17;3447;358;186;43
20/8/2021;82;19;3553;350;187;36
21/8/2021;66;18;5388;573;250;36
22/8/2021;87;19;4062;559;324;42
23/8/2021;83;22;3099;388;190;43
24/8/2021;82;18;3056;340;202;43
25/8/2021;87;19;3379;436;178;34
26/8/2021;93;20;3504;443;207;37
27/8/2021;88;21;3839;321;184;43
28/8/2021;65;15;4756;657;294;40
29/8/2021;70;18;4750;550;325;35
30/8/2021;75;20;3712;435;215;41
31/8/2021;80;22;3425;398;199;37
1/9/2021;85;19;3746;403;165;47
2/9/2021;75;16;3418;394;261;46
3/9/2021;82;21;2935;451;236;42
4/9/2021;75;18;4313;529;324;45
5/9/2021;76;17;4202;642;279;40
6/9/2021;69;18;3533;449;199;43
7/9/2021;73;19;3706;434;191;46
8/9/2021;70;19;3924;499;228;41
9/9/2021;73;15;3589;384;208;39
10/9/2021;90;22;3694;445;187;33
11/9/2021;74;22;4675;603;289;40
12/9/2021;103;21;4389;687;339;44
13/9/2021;86;18;3589;408;236;44
14/9/2021;83;20;3446;393;235;42
15/9/2021;75;20;3344;462;219;38
16/9/2021;88;21;3437;389;199;32
17/9/2021;77;21;3416;352;138;38
18/9/2021;83;19;5604;583;316;39
19/9/2021;103;20;5611;655;307;39
20/9/2021;82;21;3493;469;208;43
21/9/2021;92;23;3595;417;207;49
22/9/2021;77;22;3487;467;178;41
23/9/2021;82;22;3165;357;218;40
24/9/2021;98;20;3572;395;219;40
25/9/2021;78;23;4290;603;331;41
26/9/2021;98;21;5515;615;340;38
27/9/2021;89;18;2932;419;220;42
28/9/2021;79;23;3428;445;199;43
29/9/2021;89;22;3054;398;206;42
30/9/2021;92;19;3525;423;210;43
1/10/2021;89;19;3332;416;210;43
2/10/2021;70;21;4221;568;343;34
3/10/2021;78;21;5240;621;333;44
4/10/2021;82;21;3163;413;253;39
5/10/2021;83;21;3659;413;256;37
6/10/2021;89;24;3368;422;211;37
7/10/2021;86;23;3506;424;129;43
8/10/2021;73;21;3055;403;236;41
9/10/2021;88;23;4778;714;298;35
10/10/2021;90;18;4854;559;291;44
11/10/2021;89;21;3689;392;203;36
12/10/2021;94;25;3976;541;202;42
13/10/2021;92;20;3136;380;224;43
14/10/2021;89;19;3787;367;179;46
15/10/2021;84;19;2682;456;189;50
16/10/2021;71;18;4536;505;330;36
17/10/2021;89;19;4668;624;339;42
18/10/2021;87;20;2983;518;227;41
19/10/2021;88;18;2911;361;196;44
20/10/2021;75;21;3610;343;192;43
21/10/2021;76;23;3402;364;203;41
22/10/2021;95;19;3618;467;219;40
23/10/2021;86;24;5605;717;369;38
24/10/2021;92;22;5397;612;255;47
25/10/2021;86;23;3746;460;210;45
26/10/2021;87;20;3501;491;186;47
27/10/2021;95;23;3116;509;180;41
28/10/2021;82;19;3922;421;236;40
29/10/2021;87;23;3348;333;228;38
30/10/2021;83;22;4853;597;339;44
31/10/2021;83;22;5275;622;354;38
1/11/2021;84;19;3264;423;206;51
2/11/2021;89;19;3454;427;207;37
3/11/2021;83;23;3741;484;265;44
4/11/2021;98;19;3755;491;212;50
5/11/2021;79;22;3315;429;234;46
6/11/2021;86;18;5216;727;327;44
7/11/2021;84;23;6094;679;267;39
8/11/2021;100;19;3865;441;174;37
9/11/2021;89;23;4462;478;206;47
10/11/2021;97;23;4147;442;242;50
11/11/2021;75;20;4150;530;237;42
12/11/2021;90;23;3219;377;240;38
13/11/2021;96;22;6059;627;297;33
14/11/2021;89;20;5621;654;384;39
15/11/2021;98;19;3574;461;199;43
16/11/2021;84;17;3861;498;225;51
17/11/2021;101;22;4173;442;221;47
18/11/2021;109;18;4020;380;217;45
19/11/2021;86;22;3507;481;251;42
20/11/2021;85;21;6221;717;309;41
21/11/2021;102;23;5444;538;288;50
22/11/2021;103;21;3977;445;223;45
23/11/2021;85;21;3791;375;214;35
24/11/2021;86;23;3840;417;298;41
25/11/2021;87;23;4245;407;238;40
26/11/2021;77;23;3549;484;214;42
27/11/2021;81;23;7128;681;300;47
28/11/2021;81;18;4902;586;273;44
29/11/2021;83;24;3773;489;201;44
30/11/2021;90;23;4181;385;227;50
1/12/2021;92;20;4286;465;257;41
2/12/2021;104;21;4027;414;250;53
3/12/2021;81;22;4063;435;230;42
4/12/2021;99;22;6411;712;327;45
5/12/2021;89;23;6043;714;348;43
6/12/2021;90;25;4720;514;214;45
7/12/2021;97;25;4511;450;265;47
8/12/2021;81;19;4546;468;222;47
9/12/2021;94;24;3794;435;225;42
10/12/2021;93;25;4186;464;177;40
11/12/2021;96;23;6169;714;334;56
12/12/2021;94;25;5747;678;370;43
13/12/2021;114;27;4433;374;204;48
14/12/2021;86;25;4068;473;211;38
15/12/2021;87;23;4603;475;247;44
16/12/2021;86;25;3875;427;195;45
17/12/2021;87;23;5109;400;253;48
18/12/2021;86;23;5982;790;325;33
19/12/2021;103;22;6747;724;331;46
20/12/2021;105;26;4771;450;204;40
21/12/2021;87;21;4189;409;239;47
22/12/2021;85;26;4844;424;287;41
23/12/2021;97;24;3932;523;249;42
24/12/2021;87;19;5159;469;211;45
25/12/2021;99;24;6799;657;385;41
26/12/2021;95;18;6415;732;336;44
27/12/2021;79;24;4432;427;264;40
28/12/2021;107;25;4961;535;251;37
29/12/2021;110;21;4341;529;164;51
30/12/2021;87;23;4285;444;209;40
31/12/2021;90;27;4551;437;255;45
1/1/2022;96;22;6187;517;355;50
2/1/2022;97;20;8329;597;313;43
3/1/2022;100;26;4451;405;219;42
4/1/2022;113;28;5134;475;189;47
5/1/2022;92;23;4861;454;232;52
6/1/2022;86;25;4312;407;286;41
7/1/2022;81;26;4802;457;254;46
8/1/2022;87;21;7807;742;430;38
9/1/2022;94;22;7135;744;384;45
10/1/2022;111;26;5451;382;260;47
11/1/2022;90;27;5391;466;282;43
12/1/2022;97;24;5364;408;245;45
13/1/2022;95;21;4708;516;232;40
14/1/2022;106;28;4420;511;261;47
15/1/2022;119;22;7009;648;406;52
16/1/2022;90;22;7646;658;339;42
17/1/2022;90;24;5295;454;220;44
18/1/2022;105;27;3947;369;241;50
19/1/2022;102;25;5059;493;258;53
20/1/2022;113;24;5165;464;257;40
21/1/2022;101;25;4964;524;204;46
22/1/2022;92;24;8684;639;426;49
23/1/2022;102;25;8049;673;336;47
24/1/2022;107;17;5847;407;233;36
25/1/2022;104;23;5078;432;218;50
26/1/2022;101;24;5701;424;305;55
27/1/2022;107;21;6087;529;246;48
28/1/2022;108;25;5942;448;220;43
29/1/2022;110;23;7046;732;391;45
30/1/2022;103;28;7739;696;388;56
31/1/2022;95;27;5131;422;237;52
1/2/2022;98;23;5596;476;262;51
2/2/2022;109;23;5723;513;222;50
3/2/2022;89;24;4924;426;230;45
4/2/2022;101;23;5432;525;193;47
5/2/2022;93;24;6482;667;315;48
6/2/2022;98;22;9328;694;430;51
7/2/2022;110;21;5175;513;283;56
8/2/2022;99;25;5505;455;245;54
9/2/2022;98;25;5324;490;284;41
10/2/2022;84;22;6144;473;240;49
11/2/2022;105;26;3961;496;238;52
12/2/2022;104;22;8312;559;369;52
13/2/2022;119;25;8266;601;363;45
14/2/2022;95;26;5334;521;240;63
15/2/2022;100;24;6573;542;273;42
16/2/2022;101;25;5125;447;249;43
17/2/2022;114;23;6078;480;263;50
18/2/2022;98;24;5861;508;271;59
19/2/2022;101;24;9591;792;384;45
20/2/2022;105;22;7972;591;334;48
21/2/2022;101;24;5294;451;213;54
22/2/2022;95;20;6357;479;251;49
23/2/2022;101;23;5990;531;243;47
24/2/2022;110;24;4871;620;250;52
25/2/2022;89;24;5467;485;247;51
26/2/2022;101;24;9029;640;468;54
27/2/2022;93;24;9446;777;322;56
28/2/2022;112;26;5430;564;199;51
1/3/2022;85;27;4139;504;257;51
2/3/2022;94;23;6164;454;240;51
3/3/2022;104;21;5156;548;257;52
4/3/2022;116;22;4699;534;264;50
5/3/2022;100;23;6345;675;423;50
6/3/2022;95;24;9596;781;319;56
7/3/2022;119;23;6007;552;237;57
8/3/2022;86;21;5810;562;262;42
9/3/2022;78;24;6785;500;271;50
10/3/2022;105;25;6352;486;307;46
11/3/2022;96;26;6951;566;276;48
12/3/2022;91;23;7741;666;375;52
13/3/2022;108;24;8982;792;345;53
14/3/2022;104;22;5047;437;238;50
15/3/2022;96;25;5895;560;238;40
16/3/2022;88;23;5894;494;270;45
17/3/2022;110;26;6435;572;260;55
18/3/2022;108;20;6094;533;220;36
19/3/2022;101;24;9685;669;364;56
20/3/2022;121;26;9776;873;414;53
21/3/2022;91;25;7413;589;263;57
22/3/2022;86;32;5916;555;269;50
23/3/2022;95;26;5542;472;265;40
24/3/2022;102;22;6279;496;297;53
25/3/2022;105;25;5644;519;261;57
26/3/2022;100;21;10586;714;369;55
27/3/2022;106;25;8969;900;348;47
28/3/2022;90;23;5814;521;263;51
29/3/2022;118;28;5879;375;194;48
30/3/2022;102;24;6622;532;252;47
31/3/2022;115;25;6088;497;252;56
1/4/2022;107;24;5795;512;222;45
2/4/2022;108;30;10848;745;351;47
3/4/2022;109;25;8512;837;418;45
4/4/2022;108;30;6233;575;264;44
5/4/2022;110;27;6622;532;261;52
6/4/2022;117;27;5207;501;267;57
7/4/2022;106;26;6527;517;261;50
8/4/2022;111;26;5575;520;291;44
9/4/2022;103;20;10126;717;394;56
10/4/2022;119;25;8461;826;333;60
11/4/2022;97;28;6678;545;302;48
12/4/2022;123;25;6940;602;270;49
13/4/2022;104;22;6791;588;245;54
14/4/2022;89;25;6412;487;228;60
15/4/2022;106;30;6113;566;271;49
16/4/2022;98;29;8848;711;387;45
17/4/2022;114;26;53881;841;2272;275
18/4/2022;98;28;5826;498;253;56
19/4/2022;100;25;5615;472;240;52
20/4/2022;85;21;6683;541;286;49
21/4/2022;100;23;5768;385;287;57
22/4/2022;80;30;5672;435;267;55
23/4/2022;89;25;8045;777;421;48
24/4/2022;114;25;8947;798;394;53
25/4/2022;114;25;6215;509;270;45
26/4/2022;110;31;6419;445;295;56
27/4/2022;96;30;6862;486;281;51
28/4/2022;106;32;6595;551;260;50
29/4/2022;106;26;6143;562;301;52
30/4/2022;94;27;9206;795;303;53
1/5/2022;122;22;9867;889;480;57
2/5/2022;116;30;7053;554;220;56
3/5/2022;104;23;6333;493;249;52
4/5/2022;107;27;5957;518;265;57
5/5/2022;109;23;5626;459;263;55
6/5/2022;85;25;5341;529;294;51
7/5/2022;104;24;9984;892;358;52
8/5/2022;100;25;9893;858;411;52
9/5/2022;96;25;6590;611;252;56
10/5/2022;104;25;6146;520;276;51
11/5/2022;127;29;7096;610;266;51
12/5/2022;114;23;5914;527;271;64
13/5/2022;101;27;6803;618;254;58
14/5/2022;114;30;9270;807;382;49
15/5/2022;123;25;8730;867;415;57
16/5/2022;118;25;6558;620;295;54
17/5/2022;109;26;6438;530;254;56
18/5/2022;101;30;6398;553;246;54
19/5/2022;116;27;6220;611;287;60
20/5/2022;113;25;6139;535;270;56
21/5/2022;118;28;11438;706;439;53
22/5/2022;116;24;10313;990;369;59
23/5/2022;120;29;6583;518;223;55
24/5/2022;103;28;6199;553;257;55
25/5/2022;123;26;6739;608;251;56
26/5/2022;111;24;6430;512;270;54
27/5/2022;132;24;6120;491;255;54
28/5/2022;102;28;8865;840;439;51
29/5/2022;128;30;9054;673;397;50
30/5/2022;112;25;4150;532;277;49
31/5/2022;102;28;6194;561;278;47
1/6/2022;104;21;5759;534;279;50
2/6/2022;106;25;7008;464;273;53
3/6/2022;115;27;6046;637;288;55
4/6/2022;116;25;7962;834;379;53
5/6/2022;104;24;8976;945;469;42
6/6/2022;110;25;5374;537;269;63
7/6/2022;134;28;6274;503;239;61
8/6/2022;130;27;6153;567;281;57
9/6/2022;115;21;6540;541;252;65
10/6/2022;111;21;5485;488;295;49
11/6/2022;112;26;8946;952;507;65
12/6/2022;118;28;7683;780;382;50
13/6/2022;100;20;6335;453;286;56
14/6/2022;108;26;6214;629;229;48
15/6/2022;93;26;6187;528;290;55
16/6/2022;116;31;5883;523;253;57
17/6/2022;119;26;6113;459;261;54
18/6/2022;106;28;10195;982;372;59
19/6/2022;129;28;8515;729;448;56
20/6/2022;98;21;5911;562;307;52
21/6/2022;95;30;5185;610;280;52
22/6/2022;114;28;5299;583;255;60
23/6/2022;124;29;5847;557;324;52
24/6/2022;131;39;6414;465;259;61
25/6/2022;107;22;8423;774;330;63
26/6/2022;125;32;8420;859;439;46
27/6/2022;112;27;5502;518;250;62
28/6/2022;111;28;5416;575;309;67
29/6/2022;123;28;5876;602;271;57
30/6/2022;120;27;4841;618;299;59
1/7/2022;95;26;6407;495;321;62
2/7/2022;130;29;7933;1033;372;54
3/7/2022;129;23;9090;913;399;57
4/7/2022;106;30;4921;566;281;49
5/7/2022;118;27;5999;629;327;57
6/7/2022;119;25;5987;702;265;59
7/7/2022;116;27;5810;486;267;59
8/7/2022;107;31;5026;556;297;62
9/7/2022;106;26;8558;651;402;52
10/7/2022;114;29;7343;870;433;53
11/7/2022;127;26;5398;591;240;67
12/7/2022;120;30;6092;568;348;56
13/7/2022;110;30;5949;534;247;58
14/7/2022;123;33;5504;454;276;56
15/7/2022;82;28;4947;594;285;52
16/7/2022;128;30;8731;984;511;66
17/7/2022;95;28;8196;808;372;54
18/7/2022;111;32;4177;599;343;50
19/7/2022;102;26;5850;484;308;54
20/7/2022;100;30;5399;601;299;45
21/7/2022;128;28;6047;553;259;53
22/7/2022;110;28;4794;532;304;52
23/7/2022;119;29;5497;799;400;61
24/7/2022;115;29;8259;831;487;53
25/7/2022;121;28;5499;600;260;62
26/7/2022;116;29;4429;502;285;65
27/7/2022;101;33;4796;556;273;62
28/7/2022;127;31;6765;577;261;56
29/7/2022;110;31;5129;516;311;58
30/7/2022;98;27;8495;1027;457;49
31/7/2022;111;26;7384;796;487;57
1/8/2022;134;31;4154;542;238;53
2/8/2022;126;31;5150;525;321;62
3/8/2022;112;33;5088;687;364;73
4/8/2022;112;27;5006;615;278;61
5/8/2022;113;28;5143;529;347;46
6/8/2022;141;24;7992;973;426;56
7/8/2022;121;28;7652;894;378;59
8/8/2022;122;32;4514;600;283;59
9/8/2022;129;27;5406;565;323;54
10/8/2022;120;31;4141;542;268;60
11/8/2022;114;28;4080;607;275;51
12/8/2022;115;30;5501;555;311;53
13/8/2022;117;26;8056;1042;441;62
14/8/2022;117;29;7607;771;466;52
15/8/2022;126;20;4380;679;301;62
16/8/2022;118;28;4721;583;308;50
17/8/2022;127;24;4937;608;282;69
18/8/2022;117;33;4254;640;302;54
19/8/2022;119;31;4678;554;268;57
20/8/2022;95;30;8058;964;499;61
21/8/2022;129;34;8628;648;415;55
22/8/2022;123;26;4813;550;329;60
23/8/2022;130;34;5396;538;289;62
24/8/2022;84;32;4049;519;302;65
25/8/2022;144;29;5330;582;282;64
26/8/2022;117;33;4591;618;267;58
27/8/2022;132;26;7707;955;367;58
28/8/2022;107;27;7282;915;399;73
29/8/2022;127;28;5627;557;288;65
30/8/2022;107;28;4530;619;304;54
31/8/2022;112;26;5269;605;329;60
1/9/2022;143;33;4813;654;285;57
2/9/2022;117;29;4868;645;272;59
3/9/2022;122;31;7275;901;384;52
4/9/2022;130;28;6777;819;471;57
5/9/2022;126;24;4923;561;341;70
6/9/2022;122;30;4894;568;338;63
7/9/2022;125;24;5040;582;322;45
8/9/2022;149;29;4959;618;320;67
9/9/2022;120;26;5305;645;352;66
10/9/2022;123;36;8046;900;466;58
11/9/2022;133;32;6588;906;481;64
12/9/2022;134;30;5331;613;292;55
13/9/2022;135;34;4320;573;261;57
14/9/2022;129;27;5188;549;281;69
15/9/2022;107;31;5201;499;302;58
16/9/2022;141;30;3961;564;304;49
17/9/2022;107;31;7412;952;541;60
18/9/2022;125;34;6998;847;459;60
19/9/2022;112;32;4523;593;339;68
20/9/2022;121;31;5556;637;290;60
21/9/2022;126;25;4575;641;294;58
22/9/2022;126;27;4501;544;264;67
23/9/2022;127;30;4933;671;282;61
24/9/2022;142;30;7851;1018;481;56
25/9/2022;128;27;7245;813;457;68
26/9/2022;119;37;5473;561;334;62
27/9/2022;134;35;5165;685;311;61
28/9/2022;137;32;3837;604;295;62
29/9/2022;107;30;4650;477;372;54
30/9/2022;130;30;4637;528;304;58
1/10/2022;131;27;7730;898;513;61
2/10/2022;119;30;5444;814;442;60
3/10/2022;140;31;6181;590;329;69
4/10/2022;121;26;5192;618;336;62
5/10/2022;125;31;5009;707;314;66
6/10/2022;121;30;5526;599;235;61
7/10/2022;124;24;6107;684;309;68
8/10/2022;110;28;8079;1059;520;64
9/10/2022;106;29;8148;1060;487;61
10/10/2022;144;36;5033;637;323;61
11/10/2022;113;32;4905;498;256;56
12/10/2022;112;26;4747;649;287;65
13/10/2022;97;32;4579;686;323;61
14/10/2022;116;26;4657;616;323;59
15/10/2022;108;34;6500;1095;522;69
16/10/2022;145;29;7471;1014;459;54
17/10/2022;137;30;4181;658;324;59
18/10/2022;116;35;5135;691;312;68
19/10/2022;153;27;5031;645;281;64
20/10/2022;137;26;5134;469;241;62
21/10/2022;121;29;4806;594;326;64
22/10/2022;94;34;9970;1050;477;63
23/10/2022;154;26;8682;862;439;53
24/10/2022;108;22;4471;613;262;60
25/10/2022;105;29;5239;562;333;72
26/10/2022;138;33;4821;740;305;58
27/10/2022;156;35;4624;734;331;60
28/10/2022;143;29;4468;573;373;59
29/10/2022;133;30;8096;958;370;62
30/10/2022;133;35;7253;880;438;59
31/10/2022;137;25;5706;669;308;66
1/11/2022;136;30;5736;663;361;64
2/11/2022;130;32;5953;683;264;68
3/11/2022;128;33;4801;653;377;56
4/11/2022;126;30;5516;818;320;61
5/11/2022;117;31;8424;852;469;61
6/11/2022;123;23;7571;787;465;66
7/11/2022;105;29;4905;609;303;58
8/11/2022;126;33;6192;535;350;69
9/11/2022;114;28;5473;540;283;71
10/11/2022;113;31;5710;572;328;57
11/11/2022;129;33;4944;578;306;60
12/11/2022;145;30;7120;864;441;60
13/11/2022;139;32;7674;1005;601;80
14/11/2022;107;28;5377;606;332;61
15/11/2022;115;31;4882;627;338;74
16/11/2022;140;33;5478;696;355;55
17/11/2022;115;32;4574;591;274;57
18/11/2022;125;30;4906;623;376;59
19/11/2022;135;32;8877;996;360;58
20/11/2022;116;34;8855;775;444;62
21/11/2022;130;25;5369;489;306;59
22/11/2022;111;35;5039;664;339;58
23/11/2022;121;31;5053;674;328;71
24/11/2022;133;33;27214;776;1580;360
25/11/2022;108;36;6042;654;321;70
26/11/2022;134;27;9342;1045;435;67
27/11/2022;129;29;8156;948;411;65
28/11/2022;136;31;5082;665;346;61
29/11/2022;132;29;5923;754;345;58
30/11/2022;147;37;5315;509;374;67
1/12/2022;131;29;5515;674;298;57
2/12/2022;124;30;6615;786;346;58
3/12/2022;131;33;9525;999;471;72
4/12/2022;137;28;8974;1134;544;77
5/12/2022;130;31;5162;608;357;67
6/12/2022;130;33;6065;648;331;72
7/12/2022;121;31;6598;653;314;63
8/12/2022;121;32;5765;506;356;56
9/12/2022;112;30;6828;575;346;69
10/12/2022;153;27;10233;870;454;68
11/12/2022;114;33;10615;1059;423;65
12/12/2022;121;38;6279;710;317;63
13/12/2022;121;32;6479;675;376;71
14/12/2022;142;33;7015;708;364;58
15/12/2022;127;35;6449;644;290;60
16/12/2022;147;28;5889;734;289;58
17/12/2022;122;38;8920;984;553;66
18/12/2022;135;33;9604;990;435;58
19/12/2022;120;38;5469;639;345;61
20/12/2022;160;30;6218;702;308;61
21/12/2022;116;38;7030;630;382;64
22/12/2022;136;35;4968;723;303;56
23/12/2022;140;34;7371;584;367;66
24/12/2022;137;33;10707;880;502;74
25/12/2022;129;32;9224;1057;507;66
26/12/2022;130;37;6825;655;265;76
27/12/2022;133;33;6504;631;257;74
28/12/2022;130;26;7332;721;323;71
29/12/2022;145;29;7202;622;339;66
30/12/2022;162;32;5663;649;294;66
31/12/2022;125;34;10504;1134;442;71
1/1/2023;114;33;9759;1149;525;63
2/1/2023;132;37;6726;769;350;53
3/1/2023;167;26;6211;646;327;69
4/1/2023;122;33;7903;747;358;59
5/1/2023;155;27;7458;603;293;60
6/1/2023;156;35;6282;606;321;66
7/1/2023;126;33;8854;765;582;66
8/1/2023;141;34;9866;1168;504;57
9/1/2023;155;30;7167;610;338;67
10/1/2023;129;37;7063;660;411;73
11/1/2023;131;36;7794;608;287;59
12/1/2023;126;35;7503;716;361;75
13/1/2023;120;33;7659;645;391;56
14/1/2023;125;35;10859;874;486;81
15/1/2023;118;31;9091;1051;546;64
16/1/2023;135;36;6928;575;303;68
17/1/2023;124;39;7846;616;313;54
18/1/2023;138;37;7085;531;349;66
19/1/2023;114;31;7510;578;363;68
20/1/2023;139;34;6949;686;374;66
21/1/2023;146;29;9695;813;585;63
22/1/2023;108;35;10715;862;502;61
23/1/2023;140;35;7485;676;378;75
24/1/2023;152;27;6810;639;326;67
25/1/2023;119;29;7142;812;368;78
26/1/2023;158;32;6653;802;345;64
27/1/2023;141;32;8194;619;354;64
28/1/2023;126;29;10767;1074;529;73
29/1/2023;135;35;12751;1095;427;56
30/1/2023;143;34;8588;639;301;59
31/1/2023;137;33;7415;578;343;75
1/2/2023;143;31;6745;680;282;60
2/2/2023;123;37;5957;669;368;55
3/2/2023;138;39;6441;652;370;80
4/2/2023;117;32;9807;1068;528;58
5/2/2023;135;32;12980;946;454;69
6/2/2023;124;35;7719;604;388;68
7/2/2023;127;32;7954;691;411;49
8/2/2023;154;33;5975;711;347;66
9/2/2023;152;36;6782;604;359;71
10/2/2023;145;27;8415;749;349;70
11/2/2023;122;38;11963;846;541;74
12/2/2023;133;34;11495;970;508;66
13/2/2023;154;32;8242;669;342;73
14/2/2023;139;34;45524;644;1870;320
15/2/2023;169;34;7674;649;424;59
16/2/2023;143;28;7925;818;296;59
17/2/2023;140;39;8046;630;341;58
18/2/2023;134;34;14714;1287;456;75
19/2/2023;140;36;9408;1080;600;58
20/2/2023;136;37;8503;697;325;70
21/2/2023;148;31;7890;724;295;67
22/2/2023;151;36;8456;867;368;68
23/2/2023;127;33;7496;624;406;78
24/2/2023;120;37;8005;615;369;66
25/2/2023;113;27;12959;961;529;73
26/2/2023;146;34;15903;1044;541;69
27/2/2023;123;32;8759;575;396;68
28/2/2023;109;36;7435;697;317;85
1/3/2023;144;36;7797;813;344;59
2/3/2023;174;32;7792;707;332;78
3/3/2023;139;32;6711;676;307;74
4/3/2023;151;34;11891;981;505;66
5/3/2023;141;31;13228;1140;580;81
6/3/2023;138;37;7184;641;369;56
7/3/2023;152;33;9116;828;372;66
8/3/2023;136;24;8671;835;354;61
9/3/2023;144;33;7675;718;368;72
10/3/2023;144;31;8182;700;322;62
11/3/2023;131;29;14467;1159;508;73
12/3/2023;154;30;13413;1167;535;68
13/3/2023;138;35;8352;645;360;66
14/3/2023;130;39;8160;666;362;73
15/3/2023;148;36;8438;610;346;68
16/3/2023;128;33;7958;732;338;62
17/3/2023;141;36;6632;751;463;90
18/3/2023;141;33;15198;915;576;67
19/3/2023;156;32;12836;1009;550;54
20/3/2023;148;31;8774;611;344;64
21/3/2023;141;29;8401;643;337;61
22/3/2023;153;33;7840;746;348;76
23/3/2023;161;35;8314;656;364;73
24/3/2023;149;35;7126;687;287;73
25/3/2023;142;33;15640;889;447;68
26/3/2023;123;32;11179;1083;498;68
27/3/2023;127;37;7634;706;362;68
28/3/2023;138;30;8146;658;346;70
29/3/2023;133;38;9628;697;407;77
30/3/2023;139;32;8550;724;302;73
31/3/2023;143;32;7489;654;329;74
1/4/2023;150;30;14439;910;615;74
2/4/2023;141;33;13777;1263;541;77
3/4/2023;149;39;9027;668;388;73
4/4/2023;144;37;9185;707;430;73
5/4/2023;114;39;10631;787;332;79
6/4/2023;129;37;10457;967;354;66
7/4/2023;141;31;7997;626;348;65
8/4/2023;126;34;14979;1122;432;63
9/4/2023;152;33;13385;999;520;72
10/4/2023;165;40;9027;678;390;58
11/4/2023;161;31;7145;666;378;75
12/4/2023;140;39;8456;637;381;71
13/4/2023;165;39;7907;716;345;80
14/4/2023;146;42;9321;613;336;67
15/4/2023;139;34;14295;1182;607;70
16/4/2023;135;38;10235;1086;513;80
17/4/2023;140;44;8591;751;371;82
18/4/2023;139;33;9576;688;366;67
19/4/2023;147;30;8449;695;413;73
20/4/2023;147;29;9236;743;396;74
21/4/2023;144;38;8909;639;314;75
22/4/2023;151;29;13349;1047;477;70
23/4/2023;162;34;12554;993;574;81
24/4/2023;159;37;7554;660;360;58
25/4/2023;123;36;7634;572;346;69
26/4/2023;108;37;9204;823;399;75
27/4/2023;159;37;8608;676;370;75
28/4/2023;125;41;8467;811;365;82
29/4/2023;142;32;12328;1207;588;81
30/4/2023;128;33;12472;951;525;70
1/5/2023;119;33;9469;649;421;82
2/5/2023;154;39;8279;916;335;67
3/5/2023;157;39;7412;857;388;79
4/5/2023;137;38;9190;728;417;86
5/5/2023;108;40;8371;749;315;81
6/5/2023;138;32;12848;1027;529;73
7/5/2023;152;42;14855;1144;610;70
8/5/2023;125;42;8506;680;408;62
9/5/2023;149;39;8760;584;360;75
10/5/2023;146;43;7503;636;339;65
11/5/2023;155;30;8310;735;402;67
12/5/2023;148;34;9004;651;410;64
13/5/2023;132;34;10738;1095;486;70
14/5/2023;165;39;64777;984;2422;365
15/5/2023;145;32;8541;678;376;75
16/5/2023;147;39;8479;799;391;69
17/5/2023;133;41;9308;755;357;81
18/5/2023;141;39;8704;737;393;72
19/5/2023;134;37;9653;803;342;68
20/5/2023;145;33;11345;1161;436;75
21/5/2023;173;33;12748;1269;531;88
22/5/2023;127;41;8443;706;372;76
23/5/2023;124;39;7465;708;360;71
24/5/2023;170;36;9143;644;327;62
25/5/2023;145;35;10268;710;303;72
26/5/2023;138;29;8302;814;352;75
27/5/2023;164;33;13082;1258;606;71
28/5/2023;139;44;12535;1221;627;61
29/5/2023;176;32;7682;610;416;68
30/5/2023;159;37;6754;825;341;85
31/5/2023;141;40;7660;608;329;85
1/6/2023;181;32;7080;812;391;67
2/6/2023;140;37;9608;718;396;79
3/6/2023;160;40;12148;1198;582;65
4/6/2023;154;37;11840;970;447;85
5/6/2023;169;48;8885;835;341;76
6/6/2023;173;31;7229;638;372;81
7/6/2023;150;41;7501;698;392;62
8/6/2023;138;36;8162;674;403;79
9/6/2023;157;40;8922;618;380;74
10/6/2023;140;39;12714;1135;580;81
11/6/2023;180;34;12380;1329;567;81
12/6/2023;152;38;8097;952;401;75
13/6/2023;145;30;8337;759;387;70
14/6/2023;153;39;8158;836;378;81
15/6/2023;130;38;7156;770;366;74
16/6/2023;136;40;7996;791;379;68
17/6/2023;169;41;10632;1092;592;68
18/6/2023;141;39;11977;1153;580;64
19/6/2023;135;38;7521;795;391;71
20/6/2023;159;34;9882;712;428;83
21/6/2023;169;35;7830;750;388;76
22/6/2023;162;42;6739;752;353;71
23/6/2023;166;43;7716;820;412;81
24/6/2023;140;36;12309;1015;490;69
25/6/2023;130;38;13624;1131;507;76
26/6/2023;174;34;7302;904;392;74
27/6/2023;147;42;6514;848;399;81
28/6/2023;148;40;8350;862;332;64
29/6/2023;172;45;6635;762;365;69
30/6/2023;160;34;7342;785;357;63
1/7/2023;159;36;11190;1257;543;74
2/7/2023;185;38;11374;1321;625;85
3/7/2023;142;40;8139;614;408;72
4/7/2023;167;37;7075;663;380;72
5/7/2023;153;34;7366;864;361;83
6/7/2023;157;41;7542;743;330;84
7/7/2023;176;40;7644;713;436;75
8/7/2023;161;34;11375;1003;607;81
9/7/2023;161;43;11724;1084;532;68
10/7/2023;169;42;8098;659;410;87
11/7/2023;148;38;7740;927;380;93
12/7/2023;140;38;7763;766;372;80
13/7/2023;137;40;6234;763;400;60
14/7/2023;123;35;7423;814;355;72
15/7/2023;185;38;11576;1264;556;81
16/7/2023;137;30;11819;1263;583;73
17/7/2023;150;41;6816;853;365;86
18/7/2023;150;32;6821;722;411;81
19/7/2023;159;44;6864;748;457;71
20/7/2023;167;37;7651;831;356;77
21/7/2023;168;37;7990;731;321;70
22/7/2023;145;36;10391;1158;463;75
23/7/2023;152;37;11783;1206;570;73
24/7/2023;159;44;7270;835;361;86
25/7/2023;151;29;7073;637;395;93
26/7/2023;180;43;6991;830;392;66
27/7/2023;162;40;7654;757;325;62
28/7/2023;166;34;7334;831;317;75
29/7/2023;165;34;13045;1255;598;65
30/7/2023;173;45;9695;1353;589;78
31/7/2023;158;35;7411;883;372;83
1/8/2023;135;34;6655;883;324;89
2/8/2023;162;43;6399;891;407;79
3/8/2023;145;40;6983;802;439;76
4/8/2023;147;35;7068;782;400;62
5/8/2023;165;39;13477;1272;535;78
6/8/2023;175;35;10214;1257;588;78
7/8/2023;156;43;6138;757;337;83
8/8/2023;161;43;7091;813;432;72
9/8/2023;183;41;5457;780;394;74
10/8/2023;160;40;6805;716;322;66
11/8/2023;197;46;6863;885;380;60
12/8/2023;165;39;11069;1182;615;69
13/8/2023;129;34;11227;1417;568;66
14/8/2023;169;41;6462;657;381;81
15/8/2023;163;47;6687;742;344;74
16/8/2023;177;35;6255;789;415;74
17/8/2023;168;37;5997;876;367;70
18/8/2023;155;41;6955;819;308;53
19/8/2023;138;39;8811;1218;568;90
20/8/2023;154;35;9658;1048;648;70
21/8/2023;144;43;6037;697;379;75
22/8/2023;148;48;7059;815;463;67
23/8/2023;167;40;7881;682;412;86
24/8/2023;184;35;5798;748;408;80
25/8/2023;164;33;5421;831;390;72
26/8/2023;139;40;9839;1071;589;76
27/8/2023;165;43;9961;1378;577;92
28/8/2023;177;41;6764;890;384;78
29/8/2023;149;39;6314;668;417;77
30/8/2023;156;37;6466;720;359;71
31/8/2023;159;35;6831;613;354;64
1/9/2023;146;43;7263;733;352;78
2/9/2023;169;43;7928;1284;718;82
3/9/2023;157;33;9478;1144;628;88
4/9/2023;166;46;6692;833;410;61
5/9/2023;145;42;5943;676;356;70
6/9/2023;152;45;7668;861;423;75
7/9/2023;171;34;6115;754;394;79
8/9/2023;153;34;6496;799;407;78
9/9/2023;187;39;10319;1188;540;78
10/9/2023;153;42;9188;1047;609;83
11/9/2023;163;47;5303;708;383;72
12/9/2023;175;42;6222;878;369;87
13/9/2023;137;39;7164;833;430;83
14/9/2023;132;35;6273;886;339;77
15/9/2023;136;45;5939;828;423;93
16/9/2023;181;36;10627;1221;643;92
17/9/2023;152;46;9401;997;549;87
18/9/2023;202;39;6148;782;369;56
19/9/2023;152;46;6574;802;393;93
20/9/2023;164;42;6975;962;413;86
21/9/2023;186;39;8017;861;396;96
22/9/2023;193;38;7010;930;420;90
23/9/2023;194;38;10838;1282;711;93
24/9/2023;181;42;9220;1125;574;87
25/9/2023;178;40;5811;817;334;91
26/9/2023;171;38;6517;827;437;96
27/9/2023;174;39;6548;733;472;82
28/9/2023;153;40;5782;778;420;68
29/9/2023;148;31;6370;793;361;78
30/9/2023;162;42;10119;1411;600;84
1/10/2023;159;36;10087;963;540;81
2/10/2023;155;35;6822;909;431;71
3/10/2023;173;33;6689;736;351;67
4/10/2023;178;33;6175;701;394;75
5/10/2023;164;35;6176;909;365;87
6/10/2023;187;37;5735;873;412;94
7/10/2023;144;48;11531;1374;588;88
8/10/2023;160;38;9808;1320;621;90
9/10/2023;151;41;6390;983;408;80
10/10/2023;132;42;5938;861;367;67
11/10/2023;162;41;8478;804;433;77
12/10/2023;161;40;5859;845;406;79
13/10/2023;188;35;6290;919;368;77
14/10/2023;174;46;10285;1131;750;82
15/10/2023;147;48;10484;1147;642;85
16/10/2023;194;34;7236;794;403;88
17/10/2023;184;36;7811;647;467;79
18/10/2023;173;39;6963;831;485;66
19/10/2023;160;37;5938;666;404;78
20/10/2023;148;43;6482;826;425;82
21/10/2023;158;38;10307;1339;555;92
22/10/2023;182;50;12092;1174;607;77
23/10/2023;195;46;5758;961;403;86
24/10/2023;190;42;7516;703;419;84
25/10/2023;156;45;6845;922;425;82
26/10/2023;146;45;7304;880;435;90
27/10/2023;167;38;6687;683;422;77
28/10/2023;136;37;9303;1573;543;77
29/10/2023;170;41;10949;1231;561;82
30/10/2023;163;44;7253;754;390;77
31/10/2023;157;41;7489;711;402;86
1/11/2023;139;34;6835;809;457;76
2/11/2023;174;38;6451;818;366;84
3/11/2023;157;41;5809;837;399;82
4/11/2023;146;41;11201;1207;681;84
5/11/2023;118;49;10823;1323;603;79
6/11/2023;165;35;6271;798;434;80
7/11/2023;195;43;6588;670;409;83
8/11/2023;194;47;6659;819;426;84
9/11/2023;159;51;5967;635;406;83
10/11/2023;156;39;6454;862;444;97
11/11/2023;174;43;9377;1126;528;75
12/11/2023;150;44;10174;1270;601;82
13/11/2023;172;42;6574;944;429;70
14/11/2023;179;41;5963;755;439;86
15/11/2023;187;43;8592;924;480;74
16/11/2023;165;31;8069;799;401;81
17/11/2023;164;44;6635;983;480;80
18/11/2023;152;42;11127;1209;585;86
19/11/2023;153;40;11324;1150;711;79
20/11/2023;163;50;8140;895;453;78
21/11/2023;174;39;6702;802;381;95
22/11/2023;183;40;8127;768;432;86
23/11/2023;154;50;6951;799;417;79
24/11/2023;193;38;6395;836;446;81
25/11/2023;163;39;11919;1429;616;97
26/11/2023;168;41;62986;1017;3052;410
27/11/2023;155;45;9398;844;478;78
28/11/2023;127;43;6595;895;417;78
29/11/2023;183;36;8050;859;456;79
30/11/2023;181;39;7244;954;412;79
1/12/2023;164;39;8177;837;492;73
2/12/2023;170;41;9740;1243;589;74
3/12/2023;177;44;10018;1342;594;77
4/12/2023;142;44;7078;854;487;89
5/12/2023;160;34;7766;813;404;81
6/12/2023;182;46;7239;890;491;82
7/12/2023;148;43;8279;792;461;95
8/12/2023;174;48;8600;796;417;95
9/12/2023;146;44;12450;1204;520;82
10/12/2023;177;47;13703;1446;634;79
11/12/2023;169;44;8223;575;429;77
12/12/2023;142;48;6962;883;474;90
13/12/2023;190;44;9045;853;492;83
14/12/2023;157;42;7509;708;396;81
15/12/2023;156;52;8756;878;459;78
16/12/2023;174;46;13991;1338;687;78
17/12/2023;190;45;12693;1354;708;88
18/12/2023;153;37;6910;627;447;74
19/12/2023;171;37;7410;970;343;93
20/12/2023;178;43;9278;791;420;80
21/12/2023;182;43;8088;913;378;84
22/12/2023;174;40;8328;918;419;74
23/12/2023;165;43;13388;1171;703;85
24/12/2023;157;49;13367;1369;661;82
25/12/2023;173;45;8599;824;477;85
26/12/2023;153;37;8224;680;443;98
27/12/2023;121;42;8171;958;373;87
28/12/2023;179;39;9196;792;321;79
29/12/2023;187;41;8975;785;436;79
30/12/2023;131;41;12478;1237;630;91
31/12/2023;154;40;14253;1324;582;97
1/1/2024;182;37;8498;856;357;88
2/1/2024;207;42;7908;908;399;92
3/1/2024;172;40;8020;746;422;91
4/1/2024;160;30;7861;798;459;98
5/1/2024;169;52;8511;853;439;69
6/1/2024;196;47;14803;1540;751;92
7/1/2024;161;41;12164;1281;580;94
8/1/2024;159;43;9021;958;470;74
9/1/2024;164;38;8305;868;434;78
10/1/2024;156;50;8692;823;462;79
11/1/2024;175;51;7606;844;414;80
12/1/2024;201;44;8796;852;479;82
13/1/2024;179;47;13282;1378;669;88
14/1/2024;169;44;14331;1480;606;94
15/1/2024;168;37;9302;899;433;96
16/1/2024;146;41;8039;972;424;79
17/1/2024;189;44;10162;785;456;79
18/1/2024;172;41;9396;834;383;98
19/1/2024;171;42;9420;807;433;92
20/1/2024;230;43;13894;1347;678;87
21/1/2024;179;43;13235;1260;655;91
22/1/2024;161;43;9542;935;494;86
23/1/2024;167;39;9819;791;470;91
24/1/2024;194;40;7763;877;436;84
25/1/2024;176;38;8931;933;446;89
26/1/2024;149;47;9231;693;450;74
27/1/2024;191;34;14626;1590;682;81
28/1/2024;163;48;16017;1275;535;81
29/1/2024;208;49;8833;698;424;84
30/1/2024;194;42;9126;890;373;79
31/1/2024;167;32;9142;880;494;83
1/2/2024;198;42;8894;870;436;74
2/2/2024;176;43;9364;965;430;92
3/2/2024;190;39;15723;1416;717;87
4/2/2024;184;41;13102;1357;687;72
5/2/2024;161;50;10213;919;390;80
6/2/2024;164;46;8153;871;437;90
7/2/2024;194;39;9302;1037;425;83
8/2/2024;170;37;9561;751;363;81
9/2/2024;169;42;11578;894;410;87
10/2/2024;159;43;14508;1332;649;91
11/2/2024;184;46;11668;1431;654;75
12/2/2024;213;41;8004;809;376;93
13/2/2024;158;46;10067;729;492;81
14/2/2024;177;52;10679;898;437;88
15/2/2024;202;47;10468;910;444;88
16/2/2024;175;44;10287;1017;460;83
17/2/2024;185;43;16987;1159;612;79
18/2/2024;158;42;14434;1483;694;86
19/2/2024;185;49;11111;1097;427;103
20/2/2024;174;41;8556;854;404;76
21/2/2024;195;44;9323;773;469;103
22/2/2024;199;44;8419;852;510;86
23/2/2024;224;42;10018;890;476;89
24/2/2024;188;38;15418;1410;729;79
25/2/2024;184;45;15703;1255;633;82
26/2/2024;181;44;10439;1029;374;84
27/2/2024;172;46;9433;792;512;79
28/2/2024;184;42;10223;737;537;87
29/2/2024;173;50;8880;991;515;85
1/3/2024;181;40;11893;690;431;105
2/3/2024;202;52;15255;1312;592;78
3/3/2024;160;36;14994;1759;598;90
4/3/2024;199;46;12204;893;372;91
5/3/2024;202;46;9240;795;442;79
6/3/2024;177;41;9381;890;519;95
7/3/2024;141;46;9429;891;441;86
8/3/2024;168;50;10537;911;462;67
9/3/2024;202;34;16631;1435;765;95
10/3/2024;179;47;17151;1206;645;79
11/3/2024;161;33;13408;1050;540;80
12/3/2024;170;40;8278;921;539;96
13/3/2024;195;52;11350;965;443;86
14/3/2024;189;42;10117;843;424;98
15/3/2024;175;39;10101;1016;481;100
16/3/2024;173;44;15120;1317;651;84
17/3/2024;173;54;14673;1389;597;97
18/3/2024;163;36;12589;818;508;83
19/3/2024;209;40;11697;812;506;110
20/3/2024;174;51;10827;965;458;84
21/3/2024;202;53;12276;863;394;99
22/3/2024;208;44;9188;827;396;98
23/3/2024;199;39;14094;1269;685;93
24/3/2024;173;54;12729;1453;645;84
25/3/2024;188;52;10100;849;437;89
26/3/2024;180;48;11046;896;499;71
27/3/2024;165;41;10991;908;486;92
28/3/2024;187;45;11051;733;516;93
29/3/2024;160;44;9359;774;409;92
30/3/2024;203;46;17671;1408;657;63
31/3/2024;173;52;16760;1263;733;79
1/4/2024;185;49;11720;1006;475;84
2/4/2024;187;40;8858;998;524;93
3/4/2024;177;51;11271;976;474;93
4/4/2024;193;47;9637;1077;540;89
5/4/2024;173;48;10507;904;480;97
6/4/2024;198;52;17295;1456;756;81
7/4/2024;158;40;16573;1288;661;96
8/4/2024;185;45;10019;1137;457;95
9/4/2024;218;43;10961;1095;498;94
10/4/2024;164;38;9278;915;531;89
11/4/2024;170;47;12218;950;491;108
12/4/2024;192;57;10734;1040;454;96
13/4/2024;186;37;18277;1353;781;82
14/4/2024;189;45;15574;1284;535;93
15/4/2024;192;48;10385;997;393;98
16/4/2024;195;46;10120;925;490;86
17/4/2024;204;45;11916;935;459;101
18/4/2024;191;39;10176;842;487;95
19/4/2024;179;47;11656;761;462;70
20/4/2024;196;42;15792;1411;729;94
21/4/2024;219;35;13171;1506;633;88
22/4/2024;181;51;10314;900;486;97
23/4/2024;166;50;9644;1054;506;100
24/4/2024;204;46;10965;857;517;94
25/4/2024;182;47;9621;825;554;107
26/4/2024;144;51;11926;917;472;90
27/4/2024;200;47;16215;1374;711;98
28/4/2024;175;50;16062;1492;586;99
29/4/2024;183;44;11607;853;437;91
30/4/2024;191;52;11934;1052;453;99
1/5/2024;188;47;10854;1108;511;87
2/5/2024;198;47;10028;923;435;88
3/5/2024;177;40;8930;1043;500;80
4/5/2024;195;47;15152;1243;694;95
5/5/2024;180;42;15249;1542;682;95
6/5/2024;199;43;10939;1026;475;103
7/5/2024;197;42;10438;1009;446;100
8/5/2024;168;41;11542;928;444;90
9/5/2024;206;56;10124;655;385;82
10/5/2024;176;52;10711;871;453;97
11/5/2024;201;55;18048;1309;664;103
12/5/2024;193;40;16667;1260;661;100
13/5/2024;220;46;10665;944;485;103
14/5/2024;182;40;10070;894;497;91
15/5/2024;180;43;10020;856;477;89
16/5/2024;186;42;9773;835;513;86
17/5/2024;181;52;10089;867;494;92
18/5/2024;202;44;17182;1560;679;92
19/5/2024;156;51;15595;1311;669;95
20/5/2024;167;49;9182;888;482;92
21/5/2024;167;57;12470;894;495;92
22/5/2024;205;39;10916;969;534;86
23/5/2024;219;52;9073;980;524;102
24/5/2024;185;52;10074;652;443;94
25/5/2024;184;42;15956;1552;696;92
26/5/2024;189;51;18436;1611;751;86
27/5/2024;209;48;9319;841;520;81
28/5/2024;170;45;11480;849;514;106
29/5/2024;192;43;11898;898;467;99
30/5/2024;206;43;9761;870;411;78
31/5/2024;197;56;10106;963;424;101
1/6/2024;192;47;13947;1138;726;102
2/6/2024;207;50;15211;1255;730;95
3/6/2024;137;43;10291;1089;420;109
4/6/2024;201;43;10986;856;474;96
5/6/2024;176;52;11403;1062;502;81
6/6/2024;154;40;9491;979;418;98
7/6/2024;198;45;8221;774;525;96
8/6/2024;215;47;15284;1509;682;88
9/6/2024;186;47;15728;1404;799;100
10/6/2024;207;46;10415;904;448;78
11/6/2024;220;49;9805;971;425;104
12/6/2024;214;50;10238;993;452;86
13/6/2024;221;50;11616;1016;470;85
14/6/2024;204;42;10446;1061;456;93
15/6/2024;191;46;14492;1483;696;99
16/6/2024;159;53;14264;1230;736;96
17/6/2024;185;51;9815;906;467;88
18/6/2024;174;41;11588;1232;472;90
19/6/2024;231;49;9750;1021;394;84
20/6/2024;187;38;9886;1178;495;93
21/6/2024;193;47;9402;1086;472;105
22/6/2024;201;56;16402;1465;829;95
23/6/2024;191;43;17626;1474;648;103
24/6/2024;223;43;10240;951;391;109
25/6/2024;179;51;9852;789;507;89
26/6/2024;195;40;9779;958;494;93
27/6/2024;177;44;7399;1072;430;116
28/6/2024;166;50;10410;900;405;109
29/6/2024;179;44;14687;1495;828;79
30/6/2024;191;46;15069;1560;820;99
1/7/2024;183;51;8923;871;360;95
2/7/2024;178;49;9210;916;457;103
3/7/2024;165;49;9158;862;559;88
4/7/2024;190;46;10496;881;457;87
5/7/2024;163;49;9135;837;457;89
6/7/2024;207;47;17160;1312;700;90
7/7/2024;194;50;14770;1647;640;104
8/7/2024;164;45;8211;874;399;84
9/7/2024;186;47;9264;975;532;90
10/7/2024;178;43;8747;915;393;79
11/7/2024;199;48;7282;1078;494;106
12/7/2024;218;44;10790;1091;525;108
13/7/2024;156;42;14891;1572;618;93
14/7/2024;195;49;14610;1492;657;93
15/7/2024;190;49;9372;944;541;101
16/7/2024;206;52;7922;851;509;110
17/7/2024;197;46;8722;1155;453;100
18/7/2024;179;50;9908;894;542;90
19/7/2024;187;51;8154;1033;542;81
20/7/2024;178;50;10177;1606;745;86
21/7/2024;214;44;13278;1372;661;97
22/7/2024;194;49;8904;1071;465;90
23/7/2024;231;50;9128;1045;499;98
24/7/2024;193;48;9634;1139;476;91
25/7/2024;180;38;9525;926;531;86
26/7/2024;165;49;9159;847;411;85
27/7/2024;159;59;14950;1384;619;112
28/7/2024;163;46;11294;1489;742;106
29/7/2024;200;45;9299;979;463;114
30/7/2024;204;50;9381;936;456;102
31/7/2024;164;50;7712;789;401;93
1/8/2024;212;54;7459;1021;488;110
2/8/2024;185;42;8101;1168;485;97
3/8/2024;198;52;12230;1533;780;99
4/8/2024;227;51;14045;1554;738;97
5/8/2024;213;48;8150;1033;482;68
6/8/2024;190;50;7919;1017;546;113
7/8/2024;178;53;8110;1070;425;102
8/8/2024;153;53;9579;1018;516;101
9/8/2024;181;43;8605;949;408;97
10/8/2024;191;53;63142;1353;3367;495
11/8/2024;176;48;12685;1434;646;92
12/8/2024;193;49;9632;1012;529;104
13/8/2024;197;49;7871;951;487;85
14/8/2024;192;48;9605;1013;490;100
15/8/2024;183;55;8647;1026;437;103
16/8/2024;200;48;8313;1065;477;96
17/8/2024;205;43;15808;1665;681;102
18/8/2024;175;47;11285;1488;766;88
19/8/2024;224;50;8095;856;443;89
20/8/2024;195;55;7342;951;558;100
21/8/2024;197;52;9153;990;410;105
22/8/2024;211;45;9749;805;453;80
23/8/2024;202;61;9714;1124;576;103
24/8/2024;216;50;13986;1503;708;93
25/8/2024;203;55;12191;1539;643;96
26/8/2024;185;48;7973;1124;505;85
27/8/2024;205;52;6880;927;471;90
28/8/2024;175;53;9926;1047;453;108
29/8/2024;200;55;8619;979;441;99
30/8/2024;197;54;7815;973;632;95
31/8/2024;194;53;13944;1372;724;98
1/9/2024;195;48;11095;1735;600;104
2/9/2024;161;46;8514;955;570;103
3/9/2024;187;51;8028;1063;527;98
4/9/2024;200;54;8680;807;458;110
5/9/2024;202;48;8096;1111;450;109
6/9/2024;178;55;6957;1099;531;103
7/9/2024;224;57;12286;1507;727;100
8/9/2024;181;45;13458;1459;603;106
9/9/2024;218;45;8088;1036;587;102
10/9/2024;207;49;8732;1225;477;110
11/9/2024;186;51;7250;821;573;108
12/9/2024;235;47;8068;1076;563;89
13/9/2024;175;56;7578;907;449;89
14/9/2024;218;52;13022;1495;826;92
15/9/2024;220;50;12147;1462;700;109
